"","SampleID","AnalysisType","values","MesquiteNum","Plot","SoilType","CanopyStatus","PatchType"
"1","M1_NC_1","pH",5.3,"M1","NC","Live","Mesquite","Native"
"2","M1_NC_1","ElectricalConductivity.dS.m.",0.14,"M1","NC","Live","Mesquite","Native"
"3","M1_NC_1","Ca.ppm.",360,"M1","NC","Live","Mesquite","Native"
"4","M1_NC_1","Mg.ppm.",48,"M1","NC","Live","Mesquite","Native"
"5","M1_NC_1","Na.ppm.",21,"M1","NC","Live","Mesquite","Native"
"6","M1_NC_1","K.ppm.",220,"M1","NC","Live","Mesquite","Native"
"7","M1_NC_1","Zn.ppm.",1.8,"M1","NC","Live","Mesquite","Native"
"8","M1_NC_1","Fe.ppm.",150,"M1","NC","Live","Mesquite","Native"
"9","M1_NC_1","Mn.ppm.",10,"M1","NC","Live","Mesquite","Native"
"10","M1_NC_1","Cu.ppm.",2.7,"M1","NC","Live","Mesquite","Native"
"11","M1_NC_1","Ni.ppm.",0.13,"M1","NC","Live","Mesquite","Native"
"12","M1_NC_1","NO3.N.ppm.",9.7,"M1","NC","Live","Mesquite","Native"
"13","M1_NC_1","PO4.P.ppm.",19,"M1","NC","Live","Mesquite","Native"
"14","M1_NC_1","SO4.S.ppm.",9.4,"M1","NC","Live","Mesquite","Native"
"15","M1_NC_1","B.ppm.",0.59,"M1","NC","Live","Mesquite","Native"
"16","M1_NC_1","ESP...",3.21,"M1","NC","Live","Mesquite","Native"
"17","M1_NC_1","CEC.meq.100g.",2.85,"M1","NC","Live","Mesquite","Native"
"18","M1_NC_2","pH",5,"M1","NC","Sterile","Mesquite","Native"
"19","M1_NC_2","ElectricalConductivity.dS.m.",0.12,"M1","NC","Sterile","Mesquite","Native"
"20","M1_NC_2","Ca.ppm.",390,"M1","NC","Sterile","Mesquite","Native"
"21","M1_NC_2","Mg.ppm.",53,"M1","NC","Sterile","Mesquite","Native"
"22","M1_NC_2","Na.ppm.",20,"M1","NC","Sterile","Mesquite","Native"
"23","M1_NC_2","K.ppm.",240,"M1","NC","Sterile","Mesquite","Native"
"24","M1_NC_2","Zn.ppm.",2.1,"M1","NC","Sterile","Mesquite","Native"
"25","M1_NC_2","Fe.ppm.",86,"M1","NC","Sterile","Mesquite","Native"
"26","M1_NC_2","Mn.ppm.",37,"M1","NC","Sterile","Mesquite","Native"
"27","M1_NC_2","Cu.ppm.",2.1,"M1","NC","Sterile","Mesquite","Native"
"28","M1_NC_2","Ni.ppm.",0.13,"M1","NC","Sterile","Mesquite","Native"
"29","M1_NC_2","NO3.N.ppm.",5.5,"M1","NC","Sterile","Mesquite","Native"
"30","M1_NC_2","PO4.P.ppm.",20,"M1","NC","Sterile","Mesquite","Native"
"31","M1_NC_2","SO4.S.ppm.",9.5,"M1","NC","Sterile","Mesquite","Native"
"32","M1_NC_2","B.ppm.",0.53,"M1","NC","Sterile","Mesquite","Native"
"33","M1_NC_2","ESP...",2.82,"M1","NC","Sterile","Mesquite","Native"
"34","M1_NC_2","CEC.meq.100g.",3.08,"M1","NC","Sterile","Mesquite","Native"
"35","M1_IC_1","pH",5.6,"M1","IC","Live","Mesquite","Invasive"
"36","M1_IC_1","ElectricalConductivity.dS.m.",0.058,"M1","IC","Live","Mesquite","Invasive"
"37","M1_IC_1","Ca.ppm.",380,"M1","IC","Live","Mesquite","Invasive"
"38","M1_IC_1","Mg.ppm.",66,"M1","IC","Live","Mesquite","Invasive"
"39","M1_IC_1","Na.ppm.",24,"M1","IC","Live","Mesquite","Invasive"
"40","M1_IC_1","K.ppm.",130,"M1","IC","Live","Mesquite","Invasive"
"41","M1_IC_1","Zn.ppm.",1.2,"M1","IC","Live","Mesquite","Invasive"
"42","M1_IC_1","Fe.ppm.",26,"M1","IC","Live","Mesquite","Invasive"
"43","M1_IC_1","Mn.ppm.",10,"M1","IC","Live","Mesquite","Invasive"
"44","M1_IC_1","Cu.ppm.",2.6,"M1","IC","Live","Mesquite","Invasive"
"45","M1_IC_1","Ni.ppm.",0.07,"M1","IC","Live","Mesquite","Invasive"
"46","M1_IC_1","NO3.N.ppm.",4.6,"M1","IC","Live","Mesquite","Invasive"
"47","M1_IC_1","PO4.P.ppm.",8.4,"M1","IC","Live","Mesquite","Invasive"
"48","M1_IC_1","SO4.S.ppm.",3.2,"M1","IC","Live","Mesquite","Invasive"
"49","M1_IC_1","B.ppm.",0.35,"M1","IC","Live","Mesquite","Invasive"
"50","M1_IC_1","ESP...",3.63,"M1","IC","Live","Mesquite","Invasive"
"51","M1_IC_1","CEC.meq.100g.",2.88,"M1","IC","Live","Mesquite","Invasive"
"52","M1_IC_2","pH",6.3,"M1","IC","Sterile","Mesquite","Invasive"
"53","M1_IC_2","ElectricalConductivity.dS.m.",0.1,"M1","IC","Sterile","Mesquite","Invasive"
"54","M1_IC_2","Ca.ppm.",570,"M1","IC","Sterile","Mesquite","Invasive"
"55","M1_IC_2","Mg.ppm.",78,"M1","IC","Sterile","Mesquite","Invasive"
"56","M1_IC_2","Na.ppm.",19,"M1","IC","Sterile","Mesquite","Invasive"
"57","M1_IC_2","K.ppm.",130,"M1","IC","Sterile","Mesquite","Invasive"
"58","M1_IC_2","Zn.ppm.",1.6,"M1","IC","Sterile","Mesquite","Invasive"
"59","M1_IC_2","Fe.ppm.",34,"M1","IC","Sterile","Mesquite","Invasive"
"60","M1_IC_2","Mn.ppm.",39,"M1","IC","Sterile","Mesquite","Invasive"
"61","M1_IC_2","Cu.ppm.",1.5,"M1","IC","Sterile","Mesquite","Invasive"
"62","M1_IC_2","Ni.ppm.",0.08,"M1","IC","Sterile","Mesquite","Invasive"
"63","M1_IC_2","NO3.N.ppm.",2.8,"M1","IC","Sterile","Mesquite","Invasive"
"64","M1_IC_2","PO4.P.ppm.",7.3,"M1","IC","Sterile","Mesquite","Invasive"
"65","M1_IC_2","SO4.S.ppm.",5,"M1","IC","Sterile","Mesquite","Invasive"
"66","M1_IC_2","B.ppm.",0.46,"M1","IC","Sterile","Mesquite","Invasive"
"67","M1_IC_2","ESP...",2.12,"M1","IC","Sterile","Mesquite","Invasive"
"68","M1_IC_2","CEC.meq.100g.",3.9,"M1","IC","Sterile","Mesquite","Invasive"
"69","M1_NO_1","pH",5.1,"M1","NO","Live","Open","Native"
"70","M1_NO_1","ElectricalConductivity.dS.m.",0.041,"M1","NO","Live","Open","Native"
"71","M1_NO_1","Ca.ppm.",250,"M1","NO","Live","Open","Native"
"72","M1_NO_1","Mg.ppm.",44,"M1","NO","Live","Open","Native"
"73","M1_NO_1","Na.ppm.",20,"M1","NO","Live","Open","Native"
"74","M1_NO_1","K.ppm.",78,"M1","NO","Live","Open","Native"
"75","M1_NO_1","Zn.ppm.",0.79,"M1","NO","Live","Open","Native"
"76","M1_NO_1","Fe.ppm.",49,"M1","NO","Live","Open","Native"
"77","M1_NO_1","Mn.ppm.",13,"M1","NO","Live","Open","Native"
"78","M1_NO_1","Cu.ppm.",1.6,"M1","NO","Live","Open","Native"
"79","M1_NO_1","Ni.ppm.",0.066,"M1","NO","Live","Open","Native"
"80","M1_NO_1","NO3.N.ppm.",2.7,"M1","NO","Live","Open","Native"
"81","M1_NO_1","PO4.P.ppm.",9.5,"M1","NO","Live","Open","Native"
"82","M1_NO_1","SO4.S.ppm.",2.6,"M1","NO","Live","Open","Native"
"83","M1_NO_1","B.ppm.",0.57,"M1","NO","Live","Open","Native"
"84","M1_NO_1","ESP...",4.59,"M1","NO","Live","Open","Native"
"85","M1_NO_1","CEC.meq.100g.",1.9,"M1","NO","Live","Open","Native"
"86","M1_NO_2","pH",5.3,"M1","NO","Sterile","Open","Native"
"87","M1_NO_2","ElectricalConductivity.dS.m.",0.084,"M1","NO","Sterile","Open","Native"
"88","M1_NO_2","Ca.ppm.",280,"M1","NO","Sterile","Open","Native"
"89","M1_NO_2","Mg.ppm.",53,"M1","NO","Sterile","Open","Native"
"90","M1_NO_2","Na.ppm.",22,"M1","NO","Sterile","Open","Native"
"91","M1_NO_2","K.ppm.",130,"M1","NO","Sterile","Open","Native"
"92","M1_NO_2","Zn.ppm.",0.96,"M1","NO","Sterile","Open","Native"
"93","M1_NO_2","Fe.ppm.",19,"M1","NO","Sterile","Open","Native"
"94","M1_NO_2","Mn.ppm.",53,"M1","NO","Sterile","Open","Native"
"95","M1_NO_2","Cu.ppm.",2.1,"M1","NO","Sterile","Open","Native"
"96","M1_NO_2","Ni.ppm.",0.067,"M1","NO","Sterile","Open","Native"
"97","M1_NO_2","NO3.N.ppm.",1.4,"M1","NO","Sterile","Open","Native"
"98","M1_NO_2","PO4.P.ppm.",6.3,"M1","NO","Sterile","Open","Native"
"99","M1_NO_2","SO4.S.ppm.",3,"M1","NO","Sterile","Open","Native"
"100","M1_NO_2","B.ppm.",0.68,"M1","NO","Sterile","Open","Native"
"101","M1_NO_2","ESP...",4.23,"M1","NO","Sterile","Open","Native"
"102","M1_NO_2","CEC.meq.100g.",2.26,"M1","NO","Sterile","Open","Native"
"103","M1_IO_1","pH",5.3,"M1","IO","Live","Open","Invasive"
"104","M1_IO_1","ElectricalConductivity.dS.m.",0.06,"M1","IO","Live","Open","Invasive"
"105","M1_IO_1","Ca.ppm.",260,"M1","IO","Live","Open","Invasive"
"106","M1_IO_1","Mg.ppm.",52,"M1","IO","Live","Open","Invasive"
"107","M1_IO_1","Na.ppm.",21,"M1","IO","Live","Open","Invasive"
"108","M1_IO_1","K.ppm.",110,"M1","IO","Live","Open","Invasive"
"109","M1_IO_1","Zn.ppm.",1.4,"M1","IO","Live","Open","Invasive"
"110","M1_IO_1","Fe.ppm.",26,"M1","IO","Live","Open","Invasive"
"111","M1_IO_1","Mn.ppm.",17,"M1","IO","Live","Open","Invasive"
"112","M1_IO_1","Cu.ppm.",1.7,"M1","IO","Live","Open","Invasive"
"113","M1_IO_1","Ni.ppm.",0.1,"M1","IO","Live","Open","Invasive"
"114","M1_IO_1","NO3.N.ppm.",6.9,"M1","IO","Live","Open","Invasive"
"115","M1_IO_1","PO4.P.ppm.",9.7,"M1","IO","Live","Open","Invasive"
"116","M1_IO_1","SO4.S.ppm.",7.5,"M1","IO","Live","Open","Invasive"
"117","M1_IO_1","B.ppm.",1.3,"M1","IO","Live","Open","Invasive"
"118","M1_IO_1","ESP...",4.35,"M1","IO","Live","Open","Invasive"
"119","M1_IO_1","CEC.meq.100g.",2.1,"M1","IO","Live","Open","Invasive"
"120","M1_IO_2","pH",5.2,"M1","IO","Sterile","Open","Invasive"
"121","M1_IO_2","ElectricalConductivity.dS.m.",0.073,"M1","IO","Sterile","Open","Invasive"
"122","M1_IO_2","Ca.ppm.",250,"M1","IO","Sterile","Open","Invasive"
"123","M1_IO_2","Mg.ppm.",53,"M1","IO","Sterile","Open","Invasive"
"124","M1_IO_2","Na.ppm.",17,"M1","IO","Sterile","Open","Invasive"
"125","M1_IO_2","K.ppm.",99,"M1","IO","Sterile","Open","Invasive"
"126","M1_IO_2","Zn.ppm.",1.2,"M1","IO","Sterile","Open","Invasive"
"127","M1_IO_2","Fe.ppm.",34,"M1","IO","Sterile","Open","Invasive"
"128","M1_IO_2","Mn.ppm.",36,"M1","IO","Sterile","Open","Invasive"
"129","M1_IO_2","Cu.ppm.",1.7,"M1","IO","Sterile","Open","Invasive"
"130","M1_IO_2","Ni.ppm.",0.11,"M1","IO","Sterile","Open","Invasive"
"131","M1_IO_2","NO3.N.ppm.",4.9,"M1","IO","Sterile","Open","Invasive"
"132","M1_IO_2","PO4.P.ppm.",7.5,"M1","IO","Sterile","Open","Invasive"
"133","M1_IO_2","SO4.S.ppm.",8.5,"M1","IO","Sterile","Open","Invasive"
"134","M1_IO_2","B.ppm.",0.88,"M1","IO","Sterile","Open","Invasive"
"135","M1_IO_2","ESP...",3.68,"M1","IO","Sterile","Open","Invasive"
"136","M1_IO_2","CEC.meq.100g.",2.01,"M1","IO","Sterile","Open","Invasive"
"137","M2_NC_1","pH",5.2,"M2","NC","Live","Mesquite","Native"
"138","M2_NC_1","ElectricalConductivity.dS.m.",0.1,"M2","NC","Live","Mesquite","Native"
"139","M2_NC_1","Ca.ppm.",290,"M2","NC","Live","Mesquite","Native"
"140","M2_NC_1","Mg.ppm.",52,"M2","NC","Live","Mesquite","Native"
"141","M2_NC_1","Na.ppm.",24,"M2","NC","Live","Mesquite","Native"
"142","M2_NC_1","K.ppm.",170,"M2","NC","Live","Mesquite","Native"
"143","M2_NC_1","Zn.ppm.",1.1,"M2","NC","Live","Mesquite","Native"
"144","M2_NC_1","Fe.ppm.",64,"M2","NC","Live","Mesquite","Native"
"145","M2_NC_1","Mn.ppm.",13,"M2","NC","Live","Mesquite","Native"
"146","M2_NC_1","Cu.ppm.",1.9,"M2","NC","Live","Mesquite","Native"
"147","M2_NC_1","Ni.ppm.",0.099,"M2","NC","Live","Mesquite","Native"
"148","M2_NC_1","NO3.N.ppm.",6.4,"M2","NC","Live","Mesquite","Native"
"149","M2_NC_1","PO4.P.ppm.",9.7,"M2","NC","Live","Mesquite","Native"
"150","M2_NC_1","SO4.S.ppm.",5.4,"M2","NC","Live","Mesquite","Native"
"151","M2_NC_1","B.ppm.",0.77,"M2","NC","Live","Mesquite","Native"
"152","M2_NC_1","ESP...",4.32,"M2","NC","Live","Mesquite","Native"
"153","M2_NC_1","CEC.meq.100g.",2.41,"M2","NC","Live","Mesquite","Native"
"154","M2_NC_2","pH",5.3,"M2","NC","Sterile","Mesquite","Native"
"155","M2_NC_2","ElectricalConductivity.dS.m.",0.12,"M2","NC","Sterile","Mesquite","Native"
"156","M2_NC_2","Ca.ppm.",300,"M2","NC","Sterile","Mesquite","Native"
"157","M2_NC_2","Mg.ppm.",51,"M2","NC","Sterile","Mesquite","Native"
"158","M2_NC_2","Na.ppm.",25,"M2","NC","Sterile","Mesquite","Native"
"159","M2_NC_2","K.ppm.",150,"M2","NC","Sterile","Mesquite","Native"
"160","M2_NC_2","Zn.ppm.",1,"M2","NC","Sterile","Mesquite","Native"
"161","M2_NC_2","Fe.ppm.",25,"M2","NC","Sterile","Mesquite","Native"
"162","M2_NC_2","Mn.ppm.",27,"M2","NC","Sterile","Mesquite","Native"
"163","M2_NC_2","Cu.ppm.",1.2,"M2","NC","Sterile","Mesquite","Native"
"164","M2_NC_2","Ni.ppm.",0.059,"M2","NC","Sterile","Mesquite","Native"
"165","M2_NC_2","NO3.N.ppm.",5,"M2","NC","Sterile","Mesquite","Native"
"166","M2_NC_2","PO4.P.ppm.",11,"M2","NC","Sterile","Mesquite","Native"
"167","M2_NC_2","SO4.S.ppm.",8.1,"M2","NC","Sterile","Mesquite","Native"
"168","M2_NC_2","B.ppm.",0.94,"M2","NC","Sterile","Mesquite","Native"
"169","M2_NC_2","ESP...",4.51,"M2","NC","Sterile","Mesquite","Native"
"170","M2_NC_2","CEC.meq.100g.",2.41,"M2","NC","Sterile","Mesquite","Native"
"171","M2_IC_1","pH",5.3,"M2","IC","Live","Mesquite","Invasive"
"172","M2_IC_1","ElectricalConductivity.dS.m.",0.19,"M2","IC","Live","Mesquite","Invasive"
"173","M2_IC_1","Ca.ppm.",530,"M2","IC","Live","Mesquite","Invasive"
"174","M2_IC_1","Mg.ppm.",58,"M2","IC","Live","Mesquite","Invasive"
"175","M2_IC_1","Na.ppm.",27,"M2","IC","Live","Mesquite","Invasive"
"176","M2_IC_1","K.ppm.",170,"M2","IC","Live","Mesquite","Invasive"
"177","M2_IC_1","Zn.ppm.",1.6,"M2","IC","Live","Mesquite","Invasive"
"178","M2_IC_1","Fe.ppm.",47,"M2","IC","Live","Mesquite","Invasive"
"179","M2_IC_1","Mn.ppm.",12,"M2","IC","Live","Mesquite","Invasive"
"180","M2_IC_1","Cu.ppm.",3.5,"M2","IC","Live","Mesquite","Invasive"
"181","M2_IC_1","Ni.ppm.",0.12,"M2","IC","Live","Mesquite","Invasive"
"182","M2_IC_1","NO3.N.ppm.",13,"M2","IC","Live","Mesquite","Invasive"
"183","M2_IC_1","PO4.P.ppm.",16,"M2","IC","Live","Mesquite","Invasive"
"184","M2_IC_1","SO4.S.ppm.",6.4,"M2","IC","Live","Mesquite","Invasive"
"185","M2_IC_1","B.ppm.",0.43,"M2","IC","Live","Mesquite","Invasive"
"186","M2_IC_1","ESP...",3.2,"M2","IC","Live","Mesquite","Invasive"
"187","M2_IC_1","CEC.meq.100g.",3.67,"M2","IC","Live","Mesquite","Invasive"
"188","M2_IC_2","pH",5.3,"M2","IC","Sterile","Mesquite","Invasive"
"189","M2_IC_2","ElectricalConductivity.dS.m.",0.2,"M2","IC","Sterile","Mesquite","Invasive"
"190","M2_IC_2","Ca.ppm.",500,"M2","IC","Sterile","Mesquite","Invasive"
"191","M2_IC_2","Mg.ppm.",54,"M2","IC","Sterile","Mesquite","Invasive"
"192","M2_IC_2","Na.ppm.",22,"M2","IC","Sterile","Mesquite","Invasive"
"193","M2_IC_2","K.ppm.",120,"M2","IC","Sterile","Mesquite","Invasive"
"194","M2_IC_2","Zn.ppm.",1.5,"M2","IC","Sterile","Mesquite","Invasive"
"195","M2_IC_2","Fe.ppm.",34,"M2","IC","Sterile","Mesquite","Invasive"
"196","M2_IC_2","Mn.ppm.",24,"M2","IC","Sterile","Mesquite","Invasive"
"197","M2_IC_2","Cu.ppm.",1.4,"M2","IC","Sterile","Mesquite","Invasive"
"198","M2_IC_2","Ni.ppm.",0.082,"M2","IC","Sterile","Mesquite","Invasive"
"199","M2_IC_2","NO3.N.ppm.",7,"M2","IC","Sterile","Mesquite","Invasive"
"200","M2_IC_2","PO4.P.ppm.",9.8,"M2","IC","Sterile","Mesquite","Invasive"
"201","M2_IC_2","SO4.S.ppm.",7.1,"M2","IC","Sterile","Mesquite","Invasive"
"202","M2_IC_2","B.ppm.",0.33,"M2","IC","Sterile","Mesquite","Invasive"
"203","M2_IC_2","ESP...",2.86,"M2","IC","Sterile","Mesquite","Invasive"
"204","M2_IC_2","CEC.meq.100g.",3.34,"M2","IC","Sterile","Mesquite","Invasive"
"205","M2_NO_1","pH",5.6,"M2","NO","Live","Open","Native"
"206","M2_NO_1","ElectricalConductivity.dS.m.",0.081,"M2","NO","Live","Open","Native"
"207","M2_NO_1","Ca.ppm.",370,"M2","NO","Live","Open","Native"
"208","M2_NO_1","Mg.ppm.",63,"M2","NO","Live","Open","Native"
"209","M2_NO_1","Na.ppm.",19,"M2","NO","Live","Open","Native"
"210","M2_NO_1","K.ppm.",110,"M2","NO","Live","Open","Native"
"211","M2_NO_1","Zn.ppm.",1.1,"M2","NO","Live","Open","Native"
"212","M2_NO_1","Fe.ppm.",19,"M2","NO","Live","Open","Native"
"213","M2_NO_1","Mn.ppm.",14,"M2","NO","Live","Open","Native"
"214","M2_NO_1","Cu.ppm.",1.8,"M2","NO","Live","Open","Native"
"215","M2_NO_1","Ni.ppm.",0.076,"M2","NO","Live","Open","Native"
"216","M2_NO_1","NO3.N.ppm.",8,"M2","NO","Live","Open","Native"
"217","M2_NO_1","PO4.P.ppm.",7.4,"M2","NO","Live","Open","Native"
"218","M2_NO_1","SO4.S.ppm.",4.1,"M2","NO","Live","Open","Native"
"219","M2_NO_1","B.ppm.",0.24,"M2","NO","Live","Open","Native"
"220","M2_NO_1","ESP...",3.03,"M2","NO","Live","Open","Native"
"221","M2_NO_1","CEC.meq.100g.",2.73,"M2","NO","Live","Open","Native"
"222","M2_NO_2","pH",5.6,"M2","NO","Sterile","Open","Native"
"223","M2_NO_2","ElectricalConductivity.dS.m.",0.14,"M2","NO","Sterile","Open","Native"
"224","M2_NO_2","Ca.ppm.",380,"M2","NO","Sterile","Open","Native"
"225","M2_NO_2","Mg.ppm.",67,"M2","NO","Sterile","Open","Native"
"226","M2_NO_2","Na.ppm.",21,"M2","NO","Sterile","Open","Native"
"227","M2_NO_2","K.ppm.",96,"M2","NO","Sterile","Open","Native"
"228","M2_NO_2","Zn.ppm.",1.8,"M2","NO","Sterile","Open","Native"
"229","M2_NO_2","Fe.ppm.",18,"M2","NO","Sterile","Open","Native"
"230","M2_NO_2","Mn.ppm.",40,"M2","NO","Sterile","Open","Native"
"231","M2_NO_2","Cu.ppm.",2.8,"M2","NO","Sterile","Open","Native"
"232","M2_NO_2","Ni.ppm.",0.071,"M2","NO","Sterile","Open","Native"
"233","M2_NO_2","NO3.N.ppm.",3.8,"M2","NO","Sterile","Open","Native"
"234","M2_NO_2","PO4.P.ppm.",10,"M2","NO","Sterile","Open","Native"
"235","M2_NO_2","SO4.S.ppm.",5.8,"M2","NO","Sterile","Open","Native"
"236","M2_NO_2","B.ppm.",0.41,"M2","NO","Sterile","Open","Native"
"237","M2_NO_2","ESP...",3.28,"M2","NO","Sterile","Open","Native"
"238","M2_NO_2","CEC.meq.100g.",2.78,"M2","NO","Sterile","Open","Native"
"239","M2_IO_1","pH",6.1,"M2","IO","Live","Open","Invasive"
"240","M2_IO_1","ElectricalConductivity.dS.m.",0.063,"M2","IO","Live","Open","Invasive"
"241","M2_IO_1","Ca.ppm.",410,"M2","IO","Live","Open","Invasive"
"242","M2_IO_1","Mg.ppm.",71,"M2","IO","Live","Open","Invasive"
"243","M2_IO_1","Na.ppm.",25,"M2","IO","Live","Open","Invasive"
"244","M2_IO_1","K.ppm.",110,"M2","IO","Live","Open","Invasive"
"245","M2_IO_1","Zn.ppm.",0.79,"M2","IO","Live","Open","Invasive"
"246","M2_IO_1","Fe.ppm.",12,"M2","IO","Live","Open","Invasive"
"247","M2_IO_1","Mn.ppm.",10,"M2","IO","Live","Open","Invasive"
"248","M2_IO_1","Cu.ppm.",2.6,"M2","IO","Live","Open","Invasive"
"249","M2_IO_1","Ni.ppm.",0.057,"M2","IO","Live","Open","Invasive"
"250","M2_IO_1","NO3.N.ppm.",5.4,"M2","IO","Live","Open","Invasive"
"251","M2_IO_1","PO4.P.ppm.",7.8,"M2","IO","Live","Open","Invasive"
"252","M2_IO_1","SO4.S.ppm.",2.4,"M2","IO","Live","Open","Invasive"
"253","M2_IO_1","B.ppm.",0.3,"M2","IO","Live","Open","Invasive"
"254","M2_IO_1","ESP...",3.6,"M2","IO","Live","Open","Invasive"
"255","M2_IO_1","CEC.meq.100g.",3.02,"M2","IO","Live","Open","Invasive"
"256","M2_IO_2","pH",5.4,"M2","IO","Sterile","Open","Invasive"
"257","M2_IO_2","ElectricalConductivity.dS.m.",0.067,"M2","IO","Sterile","Open","Invasive"
"258","M2_IO_2","Ca.ppm.",310,"M2","IO","Sterile","Open","Invasive"
"259","M2_IO_2","Mg.ppm.",58,"M2","IO","Sterile","Open","Invasive"
"260","M2_IO_2","Na.ppm.",25,"M2","IO","Sterile","Open","Invasive"
"261","M2_IO_2","K.ppm.",110,"M2","IO","Sterile","Open","Invasive"
"262","M2_IO_2","Zn.ppm.",1,"M2","IO","Sterile","Open","Invasive"
"263","M2_IO_2","Fe.ppm.",16,"M2","IO","Sterile","Open","Invasive"
"264","M2_IO_2","Mn.ppm.",48,"M2","IO","Sterile","Open","Invasive"
"265","M2_IO_2","Cu.ppm.",3.4,"M2","IO","Sterile","Open","Invasive"
"266","M2_IO_2","Ni.ppm.",0.062,"M2","IO","Sterile","Open","Invasive"
"267","M2_IO_2","NO3.N.ppm.",1.9,"M2","IO","Sterile","Open","Invasive"
"268","M2_IO_2","PO4.P.ppm.",8.9,"M2","IO","Sterile","Open","Invasive"
"269","M2_IO_2","SO4.S.ppm.",3.7,"M2","IO","Sterile","Open","Invasive"
"270","M2_IO_2","B.ppm.",0.4,"M2","IO","Sterile","Open","Invasive"
"271","M2_IO_2","ESP...",4.5,"M2","IO","Sterile","Open","Invasive"
"272","M2_IO_2","CEC.meq.100g.",2.41,"M2","IO","Sterile","Open","Invasive"
"273","M3_NC_1","pH",5.4,"M3","NC","Live","Mesquite","Native"
"274","M3_NC_1","ElectricalConductivity.dS.m.",0.12,"M3","NC","Live","Mesquite","Native"
"275","M3_NC_1","Ca.ppm.",480,"M3","NC","Live","Mesquite","Native"
"276","M3_NC_1","Mg.ppm.",67,"M3","NC","Live","Mesquite","Native"
"277","M3_NC_1","Na.ppm.",20,"M3","NC","Live","Mesquite","Native"
"278","M3_NC_1","K.ppm.",200,"M3","NC","Live","Mesquite","Native"
"279","M3_NC_1","Zn.ppm.",2.5,"M3","NC","Live","Mesquite","Native"
"280","M3_NC_1","Fe.ppm.",31,"M3","NC","Live","Mesquite","Native"
"281","M3_NC_1","Mn.ppm.",11,"M3","NC","Live","Mesquite","Native"
"282","M3_NC_1","Cu.ppm.",1.6,"M3","NC","Live","Mesquite","Native"
"283","M3_NC_1","Ni.ppm.",0.15,"M3","NC","Live","Mesquite","Native"
"284","M3_NC_1","NO3.N.ppm.",16,"M3","NC","Live","Mesquite","Native"
"285","M3_NC_1","PO4.P.ppm.",11,"M3","NC","Live","Mesquite","Native"
"286","M3_NC_1","SO4.S.ppm.",5.2,"M3","NC","Live","Mesquite","Native"
"287","M3_NC_1","B.ppm.",0.22,"M3","NC","Live","Mesquite","Native"
"288","M3_NC_1","ESP...",2.45,"M3","NC","Live","Mesquite","Native"
"289","M3_NC_1","CEC.meq.100g.",3.55,"M3","NC","Live","Mesquite","Native"
"290","M3_NC_2","pH",5.2,"M3","NC","Sterile","Mesquite","Native"
"291","M3_NC_2","ElectricalConductivity.dS.m.",0.19,"M3","NC","Sterile","Mesquite","Native"
"292","M3_NC_2","Ca.ppm.",430,"M3","NC","Sterile","Mesquite","Native"
"293","M3_NC_2","Mg.ppm.",60,"M3","NC","Sterile","Mesquite","Native"
"294","M3_NC_2","Na.ppm.",17,"M3","NC","Sterile","Mesquite","Native"
"295","M3_NC_2","K.ppm.",200,"M3","NC","Sterile","Mesquite","Native"
"296","M3_NC_2","Zn.ppm.",2.2,"M3","NC","Sterile","Mesquite","Native"
"297","M3_NC_2","Fe.ppm.",31,"M3","NC","Sterile","Mesquite","Native"
"298","M3_NC_2","Mn.ppm.",26,"M3","NC","Sterile","Mesquite","Native"
"299","M3_NC_2","Cu.ppm.",1.5,"M3","NC","Sterile","Mesquite","Native"
"300","M3_NC_2","Ni.ppm.",0.1,"M3","NC","Sterile","Mesquite","Native"
"301","M3_NC_2","NO3.N.ppm.",6.1,"M3","NC","Sterile","Mesquite","Native"
"302","M3_NC_2","PO4.P.ppm.",9.8,"M3","NC","Sterile","Mesquite","Native"
"303","M3_NC_2","SO4.S.ppm.",6.5,"M3","NC","Sterile","Mesquite","Native"
"304","M3_NC_2","B.ppm.",0.23,"M3","NC","Sterile","Mesquite","Native"
"305","M3_NC_2","ESP...",2.29,"M3","NC","Sterile","Mesquite","Native"
"306","M3_NC_2","CEC.meq.100g.",3.23,"M3","NC","Sterile","Mesquite","Native"
"307","M3_IC_1","pH",5.2,"M3","IC","Live","Mesquite","Invasive"
"308","M3_IC_1","ElectricalConductivity.dS.m.",0.13,"M3","IC","Live","Mesquite","Invasive"
"309","M3_IC_1","Ca.ppm.",280,"M3","IC","Live","Mesquite","Invasive"
"310","M3_IC_1","Mg.ppm.",52,"M3","IC","Live","Mesquite","Invasive"
"311","M3_IC_1","Na.ppm.",20,"M3","IC","Live","Mesquite","Invasive"
"312","M3_IC_1","K.ppm.",130,"M3","IC","Live","Mesquite","Invasive"
"313","M3_IC_1","Zn.ppm.",1.2,"M3","IC","Live","Mesquite","Invasive"
"314","M3_IC_1","Fe.ppm.",32,"M3","IC","Live","Mesquite","Invasive"
"315","M3_IC_1","Mn.ppm.",11,"M3","IC","Live","Mesquite","Invasive"
"316","M3_IC_1","Cu.ppm.",1.7,"M3","IC","Live","Mesquite","Invasive"
"317","M3_IC_1","Ni.ppm.",0.12,"M3","IC","Live","Mesquite","Invasive"
"318","M3_IC_1","NO3.N.ppm.",6.7,"M3","IC","Live","Mesquite","Invasive"
"319","M3_IC_1","PO4.P.ppm.",12,"M3","IC","Live","Mesquite","Invasive"
"320","M3_IC_1","SO4.S.ppm.",4.4,"M3","IC","Live","Mesquite","Invasive"
"321","M3_IC_1","B.ppm.",0.52,"M3","IC","Live","Mesquite","Invasive"
"322","M3_IC_1","ESP...",3.88,"M3","IC","Live","Mesquite","Invasive"
"323","M3_IC_1","CEC.meq.100g.",2.24,"M3","IC","Live","Mesquite","Invasive"
"324","M3_IC_2","pH",5.5,"M3","IC","Sterile","Mesquite","Invasive"
"325","M3_IC_2","ElectricalConductivity.dS.m.",0.18,"M3","IC","Sterile","Mesquite","Invasive"
"326","M3_IC_2","Ca.ppm.",350,"M3","IC","Sterile","Mesquite","Invasive"
"327","M3_IC_2","Mg.ppm.",52,"M3","IC","Sterile","Mesquite","Invasive"
"328","M3_IC_2","Na.ppm.",18,"M3","IC","Sterile","Mesquite","Invasive"
"329","M3_IC_2","K.ppm.",110,"M3","IC","Sterile","Mesquite","Invasive"
"330","M3_IC_2","Zn.ppm.",1.3,"M3","IC","Sterile","Mesquite","Invasive"
"331","M3_IC_2","Fe.ppm.",17,"M3","IC","Sterile","Mesquite","Invasive"
"332","M3_IC_2","Mn.ppm.",31,"M3","IC","Sterile","Mesquite","Invasive"
"333","M3_IC_2","Cu.ppm.",1.8,"M3","IC","Sterile","Mesquite","Invasive"
"334","M3_IC_2","Ni.ppm.",0.089,"M3","IC","Sterile","Mesquite","Invasive"
"335","M3_IC_2","NO3.N.ppm.",3.1,"M3","IC","Sterile","Mesquite","Invasive"
"336","M3_IC_2","PO4.P.ppm.",9.3,"M3","IC","Sterile","Mesquite","Invasive"
"337","M3_IC_2","SO4.S.ppm.",5.1,"M3","IC","Sterile","Mesquite","Invasive"
"338","M3_IC_2","B.ppm.",1.3,"M3","IC","Sterile","Mesquite","Invasive"
"339","M3_IC_2","ESP...",3.09,"M3","IC","Sterile","Mesquite","Invasive"
"340","M3_IC_2","CEC.meq.100g.",2.53,"M3","IC","Sterile","Mesquite","Invasive"
"341","M3_NO_1","pH",5.3,"M3","NO","Live","Open","Native"
"342","M3_NO_1","ElectricalConductivity.dS.m.",0.065,"M3","NO","Live","Open","Native"
"343","M3_NO_1","Ca.ppm.",290,"M3","NO","Live","Open","Native"
"344","M3_NO_1","Mg.ppm.",52,"M3","NO","Live","Open","Native"
"345","M3_NO_1","Na.ppm.",15,"M3","NO","Live","Open","Native"
"346","M3_NO_1","K.ppm.",130,"M3","NO","Live","Open","Native"
"347","M3_NO_1","Zn.ppm.",0.71,"M3","NO","Live","Open","Native"
"348","M3_NO_1","Fe.ppm.",19,"M3","NO","Live","Open","Native"
"349","M3_NO_1","Mn.ppm.",15,"M3","NO","Live","Open","Native"
"350","M3_NO_1","Cu.ppm.",1.9,"M3","NO","Live","Open","Native"
"351","M3_NO_1","Ni.ppm.",0.064,"M3","NO","Live","Open","Native"
"352","M3_NO_1","NO3.N.ppm.",3.6,"M3","NO","Live","Open","Native"
"353","M3_NO_1","PO4.P.ppm.",10,"M3","NO","Live","Open","Native"
"354","M3_NO_1","SO4.S.ppm.",3.3,"M3","NO","Live","Open","Native"
"355","M3_NO_1","B.ppm.",0.36,"M3","NO","Live","Open","Native"
"356","M3_NO_1","ESP...",2.87,"M3","NO","Live","Open","Native"
"357","M3_NO_1","CEC.meq.100g.",2.27,"M3","NO","Live","Open","Native"
"358","M3_NO_2","pH",5,"M3","NO","Sterile","Open","Native"
"359","M3_NO_2","ElectricalConductivity.dS.m.",0.1,"M3","NO","Sterile","Open","Native"
"360","M3_NO_2","Ca.ppm.",240,"M3","NO","Sterile","Open","Native"
"361","M3_NO_2","Mg.ppm.",46,"M3","NO","Sterile","Open","Native"
"362","M3_NO_2","Na.ppm.",26,"M3","NO","Sterile","Open","Native"
"363","M3_NO_2","K.ppm.",100,"M3","NO","Sterile","Open","Native"
"364","M3_NO_2","Zn.ppm.",1,"M3","NO","Sterile","Open","Native"
"365","M3_NO_2","Fe.ppm.",19,"M3","NO","Sterile","Open","Native"
"366","M3_NO_2","Mn.ppm.",30,"M3","NO","Sterile","Open","Native"
"367","M3_NO_2","Cu.ppm.",2.8,"M3","NO","Sterile","Open","Native"
"368","M3_NO_2","Ni.ppm.",0.061,"M3","NO","Sterile","Open","Native"
"369","M3_NO_2","NO3.N.ppm.",1.5,"M3","NO","Sterile","Open","Native"
"370","M3_NO_2","PO4.P.ppm.",9.4,"M3","NO","Sterile","Open","Native"
"371","M3_NO_2","SO4.S.ppm.",3.5,"M3","NO","Sterile","Open","Native"
"372","M3_NO_2","B.ppm.",0.19,"M3","NO","Sterile","Open","Native"
"373","M3_NO_2","ESP...",5.81,"M3","NO","Sterile","Open","Native"
"374","M3_NO_2","CEC.meq.100g.",1.95,"M3","NO","Sterile","Open","Native"
"375","M3_IO_1","pH",5.6,"M3","IO","Live","Open","Invasive"
"376","M3_IO_1","ElectricalConductivity.dS.m.",0.099,"M3","IO","Live","Open","Invasive"
"377","M3_IO_1","Ca.ppm.",360,"M3","IO","Live","Open","Invasive"
"378","M3_IO_1","Mg.ppm.",62,"M3","IO","Live","Open","Invasive"
"379","M3_IO_1","Na.ppm.",17,"M3","IO","Live","Open","Invasive"
"380","M3_IO_1","K.ppm.",110,"M3","IO","Live","Open","Invasive"
"381","M3_IO_1","Zn.ppm.",0.94,"M3","IO","Live","Open","Invasive"
"382","M3_IO_1","Fe.ppm.",14,"M3","IO","Live","Open","Invasive"
"383","M3_IO_1","Mn.ppm.",14,"M3","IO","Live","Open","Invasive"
"384","M3_IO_1","Cu.ppm.",1.7,"M3","IO","Live","Open","Invasive"
"385","M3_IO_1","Ni.ppm.",0.065,"M3","IO","Live","Open","Invasive"
"386","M3_IO_1","NO3.N.ppm.",6.3,"M3","IO","Live","Open","Invasive"
"387","M3_IO_1","PO4.P.ppm.",6.8,"M3","IO","Live","Open","Invasive"
"388","M3_IO_1","SO4.S.ppm.",2.7,"M3","IO","Live","Open","Invasive"
"389","M3_IO_1","B.ppm.",0.17,"M3","IO","Live","Open","Invasive"
"390","M3_IO_1","ESP...",2.78,"M3","IO","Live","Open","Invasive"
"391","M3_IO_1","CEC.meq.100g.",2.66,"M3","IO","Live","Open","Invasive"
"392","M3_IO_2","pH",5.2,"M3","IO","Sterile","Open","Invasive"
"393","M3_IO_2","ElectricalConductivity.dS.m.",0.15,"M3","IO","Sterile","Open","Invasive"
"394","M3_IO_2","Ca.ppm.",280,"M3","IO","Sterile","Open","Invasive"
"395","M3_IO_2","Mg.ppm.",50,"M3","IO","Sterile","Open","Invasive"
"396","M3_IO_2","Na.ppm.",24,"M3","IO","Sterile","Open","Invasive"
"397","M3_IO_2","K.ppm.",93,"M3","IO","Sterile","Open","Invasive"
"398","M3_IO_2","Zn.ppm.",0.87,"M3","IO","Sterile","Open","Invasive"
"399","M3_IO_2","Fe.ppm.",14,"M3","IO","Sterile","Open","Invasive"
"400","M3_IO_2","Mn.ppm.",38,"M3","IO","Sterile","Open","Invasive"
"401","M3_IO_2","Cu.ppm.",1.4,"M3","IO","Sterile","Open","Invasive"
"402","M3_IO_2","Ni.ppm.",0.056,"M3","IO","Sterile","Open","Invasive"
"403","M3_IO_2","NO3.N.ppm.",0.97,"M3","IO","Sterile","Open","Invasive"
"404","M3_IO_2","PO4.P.ppm.",6.6,"M3","IO","Sterile","Open","Invasive"
"405","M3_IO_2","SO4.S.ppm.",6.8,"M3","IO","Sterile","Open","Invasive"
"406","M3_IO_2","B.ppm.",0.17,"M3","IO","Sterile","Open","Invasive"
"407","M3_IO_2","ESP...",4.85,"M3","IO","Sterile","Open","Invasive"
"408","M3_IO_2","CEC.meq.100g.",2.15,"M3","IO","Sterile","Open","Invasive"
